Id,Nombre,Archivo
1,Filter,001-filter.png
2,Press,002-press.png
3,Scales,003-scales.png
4,Machine,004-machine.png
5,Wifi,005-wifi.png
6,Machine,006-machine.png
7,Apron,007-apron.png
8,Coffee,008-coffee.png
9,Beans,009-beans.png
10,Milk,010-milk.png
11,Mobile,011-mobile.png
12,Clock,012-clock.png
13,Filter,013-filter.png
14,Water,014-water.png
15,Location,015-location.png
16,Think,016-think.png
17,Cups,017-cups.png
18,Latte,018-latte.png
19,Latte,019-latte.png
20,Filter,020-filter.png
21,Beans,021-beans.png
22,Bean,022-bean.png
23,Beans,023-beans.png
24,Clock,024-clock.png
25,Beans,025-beans.png
26,Sack,026-sack.png
27,Scales,027-scales.png
28,Grinder,028-grinder.png
29,Drink,029-drink.png
30,Cup,030-cup.png
31,Oven,031-oven.png
32,Oven,032-oven.png
33,Jug,033-jug.png
34,Milk,034-milk.png
35,Sign,035-sign.png
36,Machine,036-machine.png
37,Heart,037-heart.png
38,Cup,038-cup.png
39,Beans,039-beans.png
40,Sign,040-sign.png
41,Pour,041-Pour.png
42,Machine,042-machine.png
43,Beans,043-beans.png
44,Scoop,044-scoop.png
45,Box,045-box.png
46,Tamper,046-tamper.png
47,Tamper,047-tamper.png
48,Sack,048-sack.png
49,Beans,049-beans.png
50,Cafe,050-cafe.png
51,Shop,051-shop.png
52,Sign,052-sign.png
53,Coffee,053-coffee.png
54,Coffee,054-coffee.png
55,Paper,055-paper.png
56,Truck,056-truck.png
57,Card,057-card.png
58,Machine,058-machine.png
59,Jug,059-jug.png
60,Stencil,060-stencil.png
61,Martini,061-martini.png
62,Shop,062-shop.png
63,Machine,063-machine.png
64,Machine,064-machine.png
65,Syrup,065-syrup.png
66,Beans,066-beans.png
67,Coffee,067-coffee.png
68,Scales,068-scales.png
69,Science,069-science.png
70,Cup,070-cup.png
71,Coffee,071-coffee.png
72,Machine,072-machine.png
73,Roast,073-roast.png
74,Coffee,074-coffee.png
75,Machine,075-machine.png
76,Cups,076-cups.png
77,Grinder,077-grinder.png
78,Filter,078-filter.png
79,Clock,079-clock.png
80,Filter,080-filter.png
81,Chat,081-chat.png
82,Grinder,082-grinder.png
83,Latte,083-latte.png
84,Latte,084-latte.png
85,Tamping,085-tamping.png
86,Truck,086-truck.png
87,Barista,087-barista.png
88,Menu,088-menu.png
89,Filter,089-filter.png
90,Beans,090-beans.png
91,Drink,091-drink.png
92,Drink,092-drink.png
93,Drink,093-drink.png
94,Drink,094-drink.png
95,Jug,095-jug.png
96,Coffee,096-coffee.png
97,Milk,097-milk.png
98,Coffee,098-coffee.png
99,Beans,099-beans.png
100,Filter,100-filter.png
